Dataset Name,Column 1,Column 2,Kolmogorov-Smirnov Test
Crop Production Dataset,Nigeria,Pakistan,"{""p value"": 0.22857, ""conclusion"": ""Distribution not significantly different""}"
Crop Production Dataset,Nigeria,United States,"{""p value"": 0.22857, ""conclusion"": ""Distribution not significantly different""}"
Crop Production Dataset,Nigeria,Brazil,"{""p value"": 0.22857, ""conclusion"": ""Distribution not significantly different""}"
Crop Production Dataset,Pakistan,United States,"{""p value"": 0.22857, ""conclusion"": ""Distribution not significantly different""}"
Crop Production Dataset,Pakistan,Brazil,"{""p value"": 0.22857, ""conclusion"": ""Distribution not significantly different""}"
Crop Production Dataset,Japan,United States,"{""p value"": 0.77143, ""conclusion"": ""Distribution not significantly different""}"
Crop Production Dataset,Japan,Brazil,"{""p value"": 0.77143, ""conclusion"": ""Distribution not significantly different""}"
Crop Production Dataset,Japan,Philippines,"{""p value"": 0.77143, ""conclusion"": ""Distribution not significantly different""}"
Crop Production Dataset,United States,Brazil,"{""p value"": 0.22857, ""conclusion"": ""Distribution not significantly different""}"
Crop Production Dataset,United States,Philippines,"{""p value"": 0.22857, ""conclusion"": ""Distribution not significantly different""}"
Crop Production Dataset,Brazil,Philippines,"{""p value"": 0.22857, ""conclusion"": ""Distribution not significantly different""}"
Crop Production Dataset,Philippines,Myanmar,"{""p value"": 0.22857, ""conclusion"": ""Distribution not significantly different""}"
Crop Production Dataset,Philippines,Thailand,"{""p value"": 0.22857, ""conclusion"": ""Distribution not significantly different""}"
Crop Production Dataset,Philippines,Vietnam,"{""p value"": 0.22857, ""conclusion"": ""Distribution not significantly different""}"
Crop Production Dataset,Myanmar,Thailand,"{""p value"": 0.77143, ""conclusion"": ""Distribution not significantly different""}"
Crop Production Dataset,Myanmar,Vietnam,"{""p value"": 0.22857, ""conclusion"": ""Distribution not significantly different""}"
Crop Production Dataset,Myanmar,Bangladesh,"{""p value"": 0.22857, ""conclusion"": ""Distribution not significantly different""}"
Crop Production Dataset,Thailand,Vietnam,"{""p value"": 0.77143, ""conclusion"": ""Distribution not significantly different""}"
Crop Production Dataset,Thailand,Bangladesh,"{""p value"": 0.22857, ""conclusion"": ""Distribution not significantly different""}"
Crop Production Dataset,Vietnam,Bangladesh,"{""p value"": 0.77143, ""conclusion"": ""Distribution not significantly different""}"
Crop Production Dataset,Indonesia,Bangladesh,"{""p value"": 0.77143, ""conclusion"": ""Distribution not significantly different""}"
Customer Personality Analysis Dataset,MntFruits,MntSweetProducts,"{""p value"": 0.99819, ""conclusion"": ""Distribution not significantly different""}"
Dataset for Admission in the University,SOP,LOR ,"{""p value"": 0.64051, ""conclusion"": ""Distribution not significantly different""}"
Exercise and Fitness Metrics Dataset,Dream Weight,Actual Weight,"{""p value"": 0.1217, ""conclusion"": ""Distribution not significantly different""}"
Green House Gas Produce by Different Industry,F2010,F2011,"{""p value"": 1.0, ""conclusion"": ""Distribution not significantly different""}"
Green House Gas Produce by Different Industry,F2010,F2012,"{""p value"": 1.0, ""conclusion"": ""Distribution not significantly different""}"
Green House Gas Produce by Different Industry,F2010,F2013,"{""p value"": 0.99992, ""conclusion"": ""Distribution not significantly different""}"
Green House Gas Produce by Different Industry,F2010,F2014,"{""p value"": 0.99808, ""conclusion"": ""Distribution not significantly different""}"
Green House Gas Produce by Different Industry,F2010,F2015,"{""p value"": 0.99808, ""conclusion"": ""Distribution not significantly different""}"
Green House Gas Produce by Different Industry,F2010,F2016,"{""p value"": 0.99808, ""conclusion"": ""Distribution not significantly different""}"
Green House Gas Produce by Different Industry,F2010,F2017,"{""p value"": 0.98693, ""conclusion"": ""Distribution not significantly different""}"
Green House Gas Produce by Different Industry,F2010,F2018,"{""p value"": 0.91853, ""conclusion"": ""Distribution not significantly different""}"
Green House Gas Produce by Different Industry,F2010,F2019,"{""p value"": 0.96849, ""conclusion"": ""Distribution not significantly different""}"
Green House Gas Produce by Different Industry,F2010,F2020,"{""p value"": 0.99597, ""conclusion"": ""Distribution not significantly different""}"
Green House Gas Produce by Different Industry,F2010,F2021,"{""p value"": 0.91853, ""conclusion"": ""Distribution not significantly different""}"
Green House Gas Produce by Different Industry,F2010,F2022,"{""p value"": 0.84267, ""conclusion"": ""Distribution not significantly different""}"
Green House Gas Produce by Different Industry,F2011,F2012,"{""p value"": 1.0, ""conclusion"": ""Distribution not significantly different""}"
Green House Gas Produce by Different Industry,F2011,F2013,"{""p value"": 0.9992, ""conclusion"": ""Distribution not significantly different""}"
Green House Gas Produce by Different Industry,F2011,F2014,"{""p value"": 0.99992, ""conclusion"": ""Distribution not significantly different""}"
Green House Gas Produce by Different Industry,F2011,F2015,"{""p value"": 0.9992, ""conclusion"": ""Distribution not significantly different""}"
Green House Gas Produce by Different Industry,F2011,F2016,"{""p value"": 0.99597, ""conclusion"": ""Distribution not significantly different""}"
Green House Gas Produce by Different Industry,F2011,F2017,"{""p value"": 0.97908, ""conclusion"": ""Distribution not significantly different""}"
Green House Gas Produce by Different Industry,F2011,F2018,"{""p value"": 0.89585, ""conclusion"": ""Distribution not significantly different""}"
Green House Gas Produce by Different Industry,F2011,F2019,"{""p value"": 0.95492, ""conclusion"": ""Distribution not significantly different""}"
Green House Gas Produce by Different Industry,F2011,F2020,"{""p value"": 0.99242, ""conclusion"": ""Distribution not significantly different""}"
Green House Gas Produce by Different Industry,F2011,F2021,"{""p value"": 0.93826, ""conclusion"": ""Distribution not significantly different""}"
Green House Gas Produce by Different Industry,F2011,F2022,"{""p value"": 0.89585, ""conclusion"": ""Distribution not significantly different""}"
Green House Gas Produce by Different Industry,F2012,F2013,"{""p value"": 1.0, ""conclusion"": ""Distribution not significantly different""}"
Green House Gas Produce by Different Industry,F2012,F2014,"{""p value"": 1.0, ""conclusion"": ""Distribution not significantly different""}"
Green House Gas Produce by Different Industry,F2012,F2015,"{""p value"": 1.0, ""conclusion"": ""Distribution not significantly different""}"
Green House Gas Produce by Different Industry,F2012,F2016,"{""p value"": 0.99992, ""conclusion"": ""Distribution not significantly different""}"
Green House Gas Produce by Different Industry,F2012,F2017,"{""p value"": 0.99808, ""conclusion"": ""Distribution not significantly different""}"
Green House Gas Produce by Different Industry,F2012,F2018,"{""p value"": 0.96849, ""conclusion"": ""Distribution not significantly different""}"
Green House Gas Produce by Different Industry,F2012,F2019,"{""p value"": 0.99242, ""conclusion"": ""Distribution not significantly different""}"
Green House Gas Produce by Different Industry,F2012,F2020,"{""p value"": 0.9992, ""conclusion"": ""Distribution not significantly different""}"
Green House Gas Produce by Different Industry,F2012,F2021,"{""p value"": 0.96849, ""conclusion"": ""Distribution not significantly different""}"
Green House Gas Produce by Different Industry,F2012,F2022,"{""p value"": 0.87046, ""conclusion"": ""Distribution not significantly different""}"
Green House Gas Produce by Different Industry,F2013,F2014,"{""p value"": 1.0, ""conclusion"": ""Distribution not significantly different""}"
Green House Gas Produce by Different Industry,F2013,F2015,"{""p value"": 1.0, ""conclusion"": ""Distribution not significantly different""}"
Green House Gas Produce by Different Industry,F2013,F2016,"{""p value"": 1.0, ""conclusion"": ""Distribution not significantly different""}"
Green House Gas Produce by Different Industry,F2013,F2017,"{""p value"": 0.9992, ""conclusion"": ""Distribution not significantly different""}"
Green House Gas Produce by Different Industry,F2013,F2018,"{""p value"": 0.98693, ""conclusion"": ""Distribution not significantly different""}"
Green House Gas Produce by Different Industry,F2013,F2019,"{""p value"": 0.99242, ""conclusion"": ""Distribution not significantly different""}"
Green House Gas Produce by Different Industry,F2013,F2020,"{""p value"": 0.99992, ""conclusion"": ""Distribution not significantly different""}"
Green House Gas Produce by Different Industry,F2013,F2021,"{""p value"": 0.97908, ""conclusion"": ""Distribution not significantly different""}"
Green House Gas Produce by Different Industry,F2013,F2022,"{""p value"": 0.91853, ""conclusion"": ""Distribution not significantly different""}"
Green House Gas Produce by Different Industry,F2014,F2015,"{""p value"": 1.0, ""conclusion"": ""Distribution not significantly different""}"
Green House Gas Produce by Different Industry,F2014,F2016,"{""p value"": 1.0, ""conclusion"": ""Distribution not significantly different""}"
Green House Gas Produce by Different Industry,F2014,F2017,"{""p value"": 1.0, ""conclusion"": ""Distribution not significantly different""}"
Green House Gas Produce by Different Industry,F2014,F2018,"{""p value"": 0.99992, ""conclusion"": ""Distribution not significantly different""}"
Green House Gas Produce by Different Industry,F2014,F2019,"{""p value"": 0.9992, ""conclusion"": ""Distribution not significantly different""}"
Green House Gas Produce by Different Industry,F2014,F2020,"{""p value"": 1.0, ""conclusion"": ""Distribution not significantly different""}"
Green House Gas Produce by Different Industry,F2014,F2021,"{""p value"": 0.99808, ""conclusion"": ""Distribution not significantly different""}"
Green House Gas Produce by Different Industry,F2014,F2022,"{""p value"": 0.93826, ""conclusion"": ""Distribution not significantly different""}"
Green House Gas Produce by Different Industry,F2015,F2016,"{""p value"": 1.0, ""conclusion"": ""Distribution not significantly different""}"
Green House Gas Produce by Different Industry,F2015,F2017,"{""p value"": 1.0, ""conclusion"": ""Distribution not significantly different""}"
Green House Gas Produce by Different Industry,F2015,F2018,"{""p value"": 0.99992, ""conclusion"": ""Distribution not significantly different""}"
Green House Gas Produce by Different Industry,F2015,F2019,"{""p value"": 0.99972, ""conclusion"": ""Distribution not significantly different""}"
Green House Gas Produce by Different Industry,F2015,F2020,"{""p value"": 1.0, ""conclusion"": ""Distribution not significantly different""}"
Green House Gas Produce by Different Industry,F2015,F2021,"{""p value"": 0.99597, ""conclusion"": ""Distribution not significantly different""}"
Green House Gas Produce by Different Industry,F2015,F2022,"{""p value"": 0.96849, ""conclusion"": ""Distribution not significantly different""}"
Green House Gas Produce by Different Industry,F2016,F2017,"{""p value"": 1.0, ""conclusion"": ""Distribution not significantly different""}"
Green House Gas Produce by Different Industry,F2016,F2018,"{""p value"": 1.0, ""conclusion"": ""Distribution not significantly different""}"
Green House Gas Produce by Different Industry,F2016,F2019,"{""p value"": 0.99972, ""conclusion"": ""Distribution not significantly different""}"
Green House Gas Produce by Different Industry,F2016,F2020,"{""p value"": 1.0, ""conclusion"": ""Distribution not significantly different""}"
Green House Gas Produce by Different Industry,F2016,F2021,"{""p value"": 0.9992, ""conclusion"": ""Distribution not significantly different""}"
Green House Gas Produce by Different Industry,F2016,F2022,"{""p value"": 0.99242, ""conclusion"": ""Distribution not significantly different""}"
Green House Gas Produce by Different Industry,F2017,F2018,"{""p value"": 1.0, ""conclusion"": ""Distribution not significantly different""}"
Green House Gas Produce by Different Industry,F2017,F2019,"{""p value"": 1.0, ""conclusion"": ""Distribution not significantly different""}"
Green House Gas Produce by Different Industry,F2017,F2020,"{""p value"": 0.99998, ""conclusion"": ""Distribution not significantly different""}"
Green House Gas Produce by Different Industry,F2017,F2021,"{""p value"": 1.0, ""conclusion"": ""Distribution not significantly different""}"
Green House Gas Produce by Different Industry,F2017,F2022,"{""p value"": 0.99808, ""conclusion"": ""Distribution not significantly different""}"
Green House Gas Produce by Different Industry,F2018,F2019,"{""p value"": 1.0, ""conclusion"": ""Distribution not significantly different""}"
Green House Gas Produce by Different Industry,F2018,F2020,"{""p value"": 0.9992, ""conclusion"": ""Distribution not significantly different""}"
Green House Gas Produce by Different Industry,F2018,F2021,"{""p value"": 1.0, ""conclusion"": ""Distribution not significantly different""}"
Green House Gas Produce by Different Industry,F2018,F2022,"{""p value"": 0.99998, ""conclusion"": ""Distribution not significantly different""}"
Green House Gas Produce by Different Industry,F2019,F2020,"{""p value"": 0.99992, ""conclusion"": ""Distribution not significantly different""}"
Green House Gas Produce by Different Industry,F2019,F2021,"{""p value"": 1.0, ""conclusion"": ""Distribution not significantly different""}"
Green House Gas Produce by Different Industry,F2019,F2022,"{""p value"": 1.0, ""conclusion"": ""Distribution not significantly different""}"
Green House Gas Produce by Different Industry,F2020,F2021,"{""p value"": 1.0, ""conclusion"": ""Distribution not significantly different""}"
Green House Gas Produce by Different Industry,F2020,F2022,"{""p value"": 0.99998, ""conclusion"": ""Distribution not significantly different""}"
Green House Gas Produce by Different Industry,F2021,F2022,"{""p value"": 1.0, ""conclusion"": ""Distribution not significantly different""}"
Income and Happiness Score Dataset,avg_income,median_income,"{""p value"": 0.19956, ""conclusion"": ""Distribution not significantly different""}"
Jobs and Salaries Dataset,salary,salary_in_usd,"{""p value"": 0.63444, ""conclusion"": ""Distribution not significantly different""}"
Los Angeles Library Monthly Statistics,Total eMedia Circulation,Total Computer Usage (Wireless + PC Sessions),"{""p value"": 0.05686, ""conclusion"": ""Distribution not significantly different""}"
Pokedex Dataset,HP,Defense,"{""p value"": 0.10627, ""conclusion"": ""Distribution not significantly different""}"
Pokedex Dataset,HP,Sp_Def,"{""p value"": 0.1942, ""conclusion"": ""Distribution not significantly different""}"
Pokedex Dataset,Defense,Sp_Atk,"{""p value"": 0.1364, ""conclusion"": ""Distribution not significantly different""}"
Pokedex Dataset,Defense,Sp_Def,"{""p value"": 0.97834, ""conclusion"": ""Distribution not significantly different""}"
Pokedex Dataset,Sp_Atk,Sp_Def,"{""p value"": 0.09341, ""conclusion"": ""Distribution not significantly different""}"
Pokedex Dataset,Sp_Atk,Speed,"{""p value"": 0.47677, ""conclusion"": ""Distribution not significantly different""}"
Rainfall Dataset of Barak Velly,JAN,DEC,"{""p value"": 0.27074, ""conclusion"": ""Distribution not significantly different""}"
Rainfall Dataset of Barak Velly,FEB,NOV,"{""p value"": 0.15929, ""conclusion"": ""Distribution not significantly different""}"
Rainfall Dataset of Barak Velly,JUN,JUL,"{""p value"": 0.42954, ""conclusion"": ""Distribution not significantly different""}"
Rainfall Dataset of Barak Velly,JUL,AUG,"{""p value"": 0.06366, ""conclusion"": ""Distribution not significantly different""}"
Student Performance Prediction Dataset,freetime,goout,"{""p value"": 0.132, ""conclusion"": ""Distribution not significantly different""}"
Student Performance Prediction Dataset,G1,G2,"{""p value"": 0.767, ""conclusion"": ""Distribution not significantly different""}"
Student Performance Prediction Dataset,G2,G3,"{""p value"": 0.08828, ""conclusion"": ""Distribution not significantly different""}"
Students Math-Reading-Writing Performance Dataset,reading score,writing score,"{""p value"": 0.31368, ""conclusion"": ""Distribution not significantly different""}"
Students New MRW Score Dataset,math score,reading score,"{""p value"": 0.53628, ""conclusion"": ""Distribution not significantly different""}"
Students New MRW Score Dataset,math score,writing score,"{""p value"": 0.91369, ""conclusion"": ""Distribution not significantly different""}"
Students New MRW Score Dataset,reading score,writing score,"{""p value"": 0.85955, ""conclusion"": ""Distribution not significantly different""}"
Terrorist Attacks Dataset,Terrorism deaths,Terrorist Death Type : Killed,"{""p value"": 0.99863, ""conclusion"": ""Distribution not significantly different""}"
Terrorist Attacks Dataset,Attack method: Hijacking,Attack method: Hostage Taking (Barricade Incident),"{""p value"": 0.99974, ""conclusion"": ""Distribution not significantly different""}"
Terrorist Attacks Dataset,Attack method: Hijacking,Attack method: Unarmed Assault,"{""p value"": 0.96477, ""conclusion"": ""Distribution not significantly different""}"
Terrorist Attacks Dataset,Attack method: Hostage Taking (Barricade Incident),Attack method: Unarmed Assault,"{""p value"": 0.99268, ""conclusion"": ""Distribution not significantly different""}"
Terrorist Attacks Dataset,Attack method: Hostage Taking (Barricade Incident),Death Age : 21-50 ,"{""p value"": 0.07906, ""conclusion"": ""Distribution not significantly different""}"
Terrorist Attacks Dataset,Attack method: Unarmed Assault,Death Age : 21-50 ,"{""p value"": 0.13955, ""conclusion"": ""Distribution not significantly different""}"
Used Car Dataset,engine(cc),max_power(bhp),"{""p value"": 1.0, ""conclusion"": ""Distribution not significantly different""}"
